company,phone,website,address
Texas Accounting Firm - Standlee & Bleifeld CPAs PLLC,(832) 769-7135,http://www.texasaccountingfirm.com/,1334 Brittmoore Rd #1000D, Houston, TX 77043
Evans Sternau CPA - CPA Firm in Houston, Texas,(832) 482-4240,https://es.cpa/cpa-firm-houston/,510 Bering Dr #260, Houston, TX 77057
AKIF CPA,(713) 451-9700,https://akifcpa.com/,4151 Southwest Fwy #630, Houston, TX 77027
Houston Skyline Financial CPA,(713) 897-1727,https://skylinefinancialcpa.com/,601 Westheimer Rd, Houston, TX 77006
Cooper CPA Group,(713) 243-8590,https://www.coopercpagroup.com/,1703 W 12th St, Houston, TX 77008
Calvetti Ferguson,(713) 957-2300,https://calvettiferguson.com/,700 Louisiana St #2500, Houston, TX 77002
Chery Finn CPAs,(713) 520-0010,https://cheryfinncpas.com/,11500 Northwest Fwy Ste 100, Houston, TX 77092
Jones CPA Group LLC | Business Bookkeeping in Houston TX,(832) 698-7011,https://jonescpagrouptx.com/?utm_source=gmb&utm_medium=gmb_website_clicks&utm_campaign=hotjar-tracking-gmb-clicks,20405 TX-249 #350, Houston, TX 77070
MK CPA Firm P.C.,(713) 510-0272,http://www.713cpa.com/,4808 Gibson St, Houston, TX 77007
JAG CPA & Co.,(713) 234-5112,https://jagcpa.com/,2100 Travis St Ste 230, Houston, TX 77002
Howard CPA, LLC,(713) 258-5512,http://www.howardcpallc.com/,2 Riverway Dr Ste 1260, Houston, TX 77056
Baker Tilly,(713) 850-9814,https://www.bakertilly.com/,500 Dallas St Ste 1900, Houston, TX 77002
TS CPA,(832) 304-9959,https://tscpatax.com/,2500 Wilcrest Dr Ste 500, Houston, TX 77042
Leigh-Erin LLP,(713) 832-1958,https://www.leigherin.com/,1000 Main St Ste 2300, Houston, TX 77002
THE ALLEN CPA FIRM PLLC,(713) 489-7575,https://theallencpafirm.com/,800 Town and Country Blvd Ste 300, Houston, TX 77024
The Rascon CPA Firm in Houston TX : Tax Accountant, Business Accounting & Consulting Firms, Quickbook & Bookkeeping Services,(832) 482-4611,https://www.rasconcpafirm.com/?utm_source=google&utm_medium=organic&utm_campaign=gmblisting,700 Louisiana St 39th Floor, Houston, TX 77002
Grant Thornton,(832) 476-3600,https://www.grantthornton.com/offices/Texas/houston.aspx,700 Milam St Ste 300, Houston, TX 77002
Hooker CPA Firm, PLLC,(281) 942-7967,https://www.hookercpa.com/,2656 S Loop W Ste 340, Houston, TX 77054
Pi PLLC,(281) 846-5688,https://annapicpa.taxdome.com/,2500 Yale St Ste B, Houston, TX 77008
Miller Grossbard Advisors, LLP,(713) 622-3960,https://mgallp.com/,600 N Shepherd Dr Ste 200, Houston, TX 77007
BBSI San Diego,(858) 314-1100,https://www.bbsi.com/locations/sandiego,5717 Pacific Center Blvd Ste 100, San Diego, CA 92121
