律所名,电话,网站,地址
Wilshire Law Firm,(213) 329-7576,https://wilshirelawfirm.com/los-angeles/?utm_source=google&utm_medium=organic&utm_campaign=gbp_los_angeles,660 S. Figueroa Street Sky Lobby， Los Angeles， CA 90017
Eisenberg Law Group PC,(213) 616-5353,https://eisenberglawgrouppc.com/,811 Wilshire Blvd #1720， Los Angeles， CA 90017
Lemon Law Firm,(866) 517-4704,https://lemonlawfirm.com/?utm_source=google&utm_medium=gbp&utm_campaign=los-angeles,200 San Pedro St Ste 505， Los Angeles， CA 90012
California United Law Group,(310) 744-1449,https://calunitedlaw.com/,453 S Spring St Ste 321， Los Angeles， CA 90013
DK Law - Injury， Accident， and More,(310) 295-1087,https://dklaw.com/locations/ca/los-angeles/,205 S Broadway Ste 402， Los Angeles， CA 90012
Yang Law Offices,(877) 492-6452,http://www.yanglawoffices.com/,555 Flower St 51st Floor， Los Angeles， CA 90071
Los Angeles Law Firm,(310) 777-7677,https://lalf.law/,6360 Van Nuys Blvd Ste 223， Van Nuys， CA 91401
The H Law Group,(213) 985-4431,http://www.thehfirm.com/?utm_campaign=gmb,714 W Olympic Blvd， Los Angeles， CA 90015
Los Angeles Lemon Law Attorneys,(310) 910-9266,https://lemonlawexperts.com/,453 S Spring St Ste 931， Los Angeles， CA 90013
The California Lemon Law Experts - Expertos en Ley Lim贸n,(310) 256-2152,https://lemonlawexperts.com/?utm_source=gmb&utm_medium=local&utm_campaign=los_angeles,5757 W Century Blvd Ste 500， Los Angeles， CA 90045
Los Angeles Lawyer,(323) 278-9901,http://www.lalawcorp.com/,100 N Citrus St Ste 435， West Covina， CA 91791
Wynn Law Group， APC | America's Lemon Lawyer,(877) 536-6620,https://americaslemonlawyer.com/,10850 Wilshire Blvd #1010， Los Angeles， CA 90024
Lemon Law Now - Los Angeles Lemon Law Lawyer,(310) 295-1888,https://lemonlawnow.com/?utm_source=GMB&utm_medium=organic&utm_campaign=Google%20My%20Business,750 N San Vicente Blvd ste 800， Los Angeles， CA 90069
Los Angeles Civil Litigation Attorneys,(213) 232-7330,https://www.losangelescivillitigationattorneys.com/,355 S Grand Ave Ste 2450， Los Angeles， CA 90071
Perlman & Cohen Los Angeles Criminal Lawyers,(213) 238-6991,https://perlmancohen.com/?utm_source=GBP&utm_medium=organic&utm_campaign=Los_Angeles,355 S Grand Ave Ste 2450， Los Angeles， CA 90071
The Law Offices of Nigel Burns,(213) 397-2832,https://www.burnsattorneys.com/?utm_source=GMB&utm_medium=Website+Click,800 W 1st St Ste 401， Los Angeles， CA 90012
California business Lawyer & Corporate Lawyer,(213) 277-7400,https://california-business-lawyer-corporate-lawyer.com/,355 S Grand Ave #2450， Los Angeles， CA 90071
The Capital Law Firm， P.C.,(213) 277-9655,https://capfirm.com/,6420 Wilshire Blvd 18th Floor， Los Angeles， CA 90048
LA Century Law,(213) 205-0657,https://lacenturylaw.com/?utm_source=google&utm_medium=organic&utm_campaign=gmb_listing_centurycity,1880 Century Pk E Ste 1101， Los Angeles， CA 90067
The L.A. Law Firm- Accident Attorneys,(866) 383-1462,https://www.thelalawfirm.com/,3055 Wilshire Blvd #1120， Los Angeles， CA 90010
Morgan & Morgan,(323) 825-3424,https://www.forthepeople.com/office-locations/california/los-angeles/?utm_source=GMB&utm_medium=local&utm_campaign=LosAngelesCAGMB,633 W 5th St #2200， Los Angeles， CA 90071
The Barry Law Firm,(424) 688-9088,https://mylemonrights.com/,11845 W Olympic Blvd #1270， Los Angeles， CA 90064
Pirnia Law Group,(844) 747-5294,https://pirniapersonalinjury.com/,2315 Westwood Blvd 2nd Floor， Los Angeles， CA 90064
Culver Legal,(310) 600-7881,https://www.culverlegal.com/,5670 Wilshire Blvd #1370， Los Angeles， CA 90036
Lyfe Law,(310) 929-6758,https://lyfe.com/,10880 Wilshire Blvd 24th Fl， Los Angeles， CA 90024
Los Angeles City Law,(888) 880-8888,https://lacitylaw.com/,7961 W 3rd St， Los Angeles， CA 90048
Providence Trial Lawyers,(213) 380-5858,https://ptl.legal/,777 S Figueroa St #3050， Los Angeles， CA 90017
MKP Law Group， LLP,(213) 516-9117,https://www.mkplawgroup.com/?utm_source=gbp&utm_medium=organic&utm_campaign=gbp-website-los-angeles,3701 Wilshire Blvd Ste. 870， Los Angeles， CA 90010
The Law Collective,(213) 441-4000,https://www.lawcollective.com/,945 E 12th St Ste a， Los Angeles， CA 90021
Farahi Law Firm， APC,(310) 601-4925,https://justinforjustice.com/personal-injury-lawyers-los-angeles-ca/?utm_source=google&utm_medium=gmb&utm_campaign=los-angeles,5340 Alla Rd Ste 140， Los Angeles， CA 90066
West Coast Trial Lawyers,(213) 293-3350,https://westcoasttriallawyers.com/?utm_campaign=gmb&utm_medium=gmb&utm_source=gmb+la+south+grand,1147 S Hope St， Los Angeles， CA 90015
Checkmate Law,(213) 751-5555,https://checkmatelawgroup.com/,9769 W Pico Blvd， Los Angeles， CA 90035
Mollaei Law,(818) 925-0002,https://mollaeilaw.com/,10880 Wilshire Blvd #2000， Los Angeles， CA 90024
ME Lawyers,(213) 314-3031,https://www.melawyers.com/,11110 Ohio Ave Ste 201， Los Angeles， CA 90025
MSD Lawyers,(213) 628-3856,https://msdlawyers.com/,515 Flower St Ste 1000， Los Angeles， CA 90071
Arash Law,(213) 277-5878,https://arashlaw.com/,2960 Wilshire Blvd， Los Angeles， CA 90010
C&B Law Group， LLP,(844) 220-2230,https://www.cblawgroup.com/,927 Everett St， Los Angeles， CA 90026
Law Offices of Jennie Levin， P.C.,(323) 951-1188,https://www.levinlegalhelp.com/,640 S San Vicente Blvd Ste 390， Los Angeles， CA 90048
The Law Offices of Robert B. Sarvian APC,(213) 385-6323,http://sarvianlaw.com/,3250 Wilshire Blvd #1603， Los Angeles， CA 90010
Abogados de Accidentes Latinos Firma Broadway,(866) 865-8450,https://abogadosaccidentesla.com/?utm_source=google&utm_medium=organic&utm_campaign=gbp,205 S Broadway Ste 700， Los Angeles， CA 90012
Insider Accident Lawyers,(844) 844-9119,https://www.insideraccidentlawyers.com/?utm_campaign=gmb,3435 Wilshire Blvd #1620， Los Angeles， CA 90010
Hillstone Law Accident & Injury Attorneys,(855) 691-1691,https://hillstonelaw.com/get-started/?camptrid=1,10880 Wilshire Blvd #2070， Los Angeles， CA 90024
The Dominguez Firm - Personal Injury Lawyers,(855) 216-8880,https://dominguezfirm.com/locations/los-angeles/?utm_source=google&utm_medium=organic&utm_campaign=gmb_losangeles,3250 Wilshire Blvd #2200， Los Angeles， CA 90010
Beverly Law Office,(877) 427-2752,http://www.beverlylaw.org/,4929 Wilshire Blvd #960， Los Angeles， CA 90010
i Accident Lawyer,(213) 689-7777,https://iaccidentlawyer.com/los-angeles-car-accident-lawyer/,155 W Washington Blvd Ste Mezz #102， Los Angeles， CA 90015
J&Y Law Injury and Accident Attorneys,(310) 307-3686,https://jnylaw.com/?utm_source=google&utm_medium=organic&utm_campaign=gbp-listing-los-angeles,1880 Century Pk E Ste 717， Los Angeles， CA 90067
Lee Legal Group - Workers' Compensation Attorney Los Angeles,(213) 788-3311,https://theleelegalgroup.com/,3055 Wilshire Blvd Suite 1040， Los Angeles， CA 90010
LNN Law Accident & Employment Lawyers,(213) 340-0946,https://lntriallawyers.com/los-angeles-employment-lawyer/?utm_source=GBP&utm_medium=GBP&utm_campaign=GBP_Los_Angeles&utm_id=GBP_Los_Angeles,811 W 7th St 12th floor， Los Angeles， CA 90017
El Dabe Ritter Trial Lawyers,(888) 539-1422,https://www.erlawyers.com/los-angeles-personal-injury-lawyer/?utm_source=gmb&utm_medium=organic&utm_content=listing&utm_campaign=los-angeles,1150 S Olive St #1300， Los Angeles， CA 90015
Ariel Law Group,(888) 888-2598,https://ariellawgroup.com/?utm_campaign=gmb&utm_medium=gmb+&utm_source=google,11845 W Olympic Blvd #800， Los Angeles， CA 90064
Morgan & Morgan,(213) 757-6900,https://www.forthepeople.com/office-locations/california/los-angeles-wilshire/?utm_source=GMB&utm_medium=local&utm_campaign=LosAngelesCA2GMB,12300 Wilshire Blvd #200， Los Angeles， CA 90025
Lemon Law Help - California Lemon Law Lawyer,(833) 208-8181,https://lemonlawhelp.com/?utm_source=google&utm_medium=organic&utm_campaign=gbp-losangeles,10250 Constellation Blvd #2500， Los Angeles， CA 90067
Law Offices of Brian Breiter， LLP,(323) 954-9955,http://brianbreiter.com/,4929 Wilshire Blvd #410， Los Angeles， CA 90010
M&Y Personal Injury Lawyers,(323) 553-5851,https://mylawcompany.com/,350 S Figueroa St Ste 276， Los Angeles， CA 90071
Los Justicieros 鈥? Abogados de Accidentes,(310) 742-1928,https://losjusticieros.com/es/?utm_source=google&utm_medium=organic&utm_campaign=gbp_profile_main,10880 Wilshire Blvd Ste 2100， Los Angeles， CA 90024
Law Offices of Joseph S. Nourmand,(800) 550-9816,http://www.nourmandlegal.com/,2966 Wilshire Blvd， Los Angeles， CA 90010
Lagstein Law Firm PC,(323) 577-6735,http://www.losangeles-personalinjuryattorney.com/,1801 Century Pk E， Los Angeles， CA 90067
Custodio & Dubey LLP - CD Law,(213) 528-5795,https://cd-lawyers.com/?utm_source=GBP&utm_medium=GBP&utm_campaign=GBP_Los_Angeles&utm_id=GBP_Los_Angeles,445 S Figueroa St Ste 2520， Los Angeles， CA 90071
KR Law， APC,(213) 833-8361,https://www.krinjurylawfirm.com/,3055 Wilshire Blvd #1120， Los Angeles， CA 90010
Downtown L.A. Law Group,(213) 652-9489,https://downtownlalaw.com/,3460 Wilshire Blvd #950， Los Angeles， CA 90010
Sepulveda Sanchez Accident Lawyers,(213) 431-0621,https://sepulvedalawgroup.com/los-angeles-injury-lawyers/?utm_source=google&utm_medium=local&utm_campaign=Office-LA&utm_content=website-link,3530 Wilshire Blvd Suite 1515， Los Angeles， CA 90010
M&Y Personal Injury Lawyers,(323) 701-0382,https://mylawcompany.com/,6300 Wilshire Blvd Ste 807， Los Angeles， CA 90048
Manshoory Law Group,(877) 977-7750,https://manshoorylaw.com/?utm_source=google&utm_medium=organic&utm_campaign=GMB,660 S Figueroa St Ste 1888， Los Angeles， CA 90017
Primo Law - Injury & Lemon Law Firm,(310) 622-9000,http://www.primolaw.com/,11300 W Olympic Blvd Ste 605， Los Angeles， CA 90064
Grace Legal Group Inc.,(818) 697-8664,https://gracelegalgroup.com/?utm_source=google&utm_medium=gbp&utm_campaign=losangeles,145 S Spring St #850， Los Angeles， CA 90012
The Rodriguez Law Group Los Angeles Criminal Defense Attorneys,(213) 463-1993,https://www.aerlawgroup.com/?utm_campaign=gmb&utm_medium=organic&utm_source=gmb,626 Wilshire Blvd Suite 460， Los Angeles， CA 90017
Rezvani Law Firm - Accident Duo,(310) 694-9500,http://rezvanilawfirm.com/,5900 Wilshire Blvd 4th Floor， Los Angeles， CA 90036
CBS Law,(213) 800-8005,https://thecbslaw.com/,633 W 5th St 26th Floor， Los Angeles， CA 90071
Kaye Law Offices,(310) 284-3125,http://www.kayelawoffices.com/,10940 Wilshire Blvd #1600， Los Angeles， CA 90024
Weitz & Luxenberg Los Angeles,(917) 529-9377,https://www.weitzlux.com/locations/los-angeles-ca/,1880 Century Pk E #700， Los Angeles， CA 90067
Lemon Law Attorneys Offices of Adam Zolonz， APC,(310) 247-8230,https://lemonlawattorneyinla.com/,1680 N Vine St #315， Los Angeles， CA 90028
Setyan Law - Los Angeles Employment Lawyer,(213) 618-3655,https://setyanlaw.com/,2049 Century Pk E #2525， Los Angeles， CA 90067
Highway Law Group,(866) 445-7107,https://highwaylawgroup.com/?utm_campaign=gmb&utm_medium=organic&utm_source=google,10850 Wilshire Blvd #1175， Los Angeles， CA 90024
COLONY LAW,(310) 882-6336,http://www.colonylaw.com/,864 S Robertson Blvd Third Floor， Los Angeles， CA 90035
Ravan Law,(424) 465-2500,http://ravanlaw.com/,6310 S San Vicente Blvd Unit 401， Los Angeles， CA 90048
Law Offices of Robert Lee,,https://robertleelaw.com/,3600 Wilshire Blvd #1218， Los Angeles， CA 90010
Omega Law Group Accident & Injury Attorneys,(213) 816-3691,https://www.omegalaw.com/?utm_source=google&utm_medium=organic&utm_campaign=gbp-listing-los-angeles,704 S Spring St #1105， Los Angeles， CA 90014
The Attorney Group， Professional Law Corp El Grupo De Abogados,(213) 290-0111,http://www.theattorneygroup.com/,122 E 7th St Unit 802， Los Angeles， CA 90014
Keystone Law Group， P.C.,(424) 408-1936,https://keystone-law.com/,11300 W Olympic Blvd #910， Los Angeles， CA 90064
Best Law,(424) 260-4649,https://www.best-law.net/?utm_source=google&utm_medium=organic&utm_campaign=GBP_Los_Angeles,611 Wilshire Blvd 9th floor， Los Angeles， CA 90017
Slatter Law Firm， APC,(310) 405-0964,https://slatterlawfirm.com/,11500 W Olympic Blvd #550， Los Angeles， CA 90064
McGee Lerer Ogrin,(888) 380-1058,https://www.mcgeelerer.com/,11845 W Olympic Blvd Ste 645W， Los Angeles， CA 90064
SAW LAW,(310) 765-2009,https://www.sawlawgroup.com/,888 W 6th St， Los Angeles， CA 90017
United Law,(213) 900-2618,http://unitedlaw.com/,4929 Wilshire Blvd Suite 930， Los Angeles， CA 90010
TopDog Law Personal Injury Lawyers,(323) 922-5650,https://topdoglaw.com/locations/los-angeles-ca/personal-injury-lawyer/?utm_source=google&utm_medium=organic&utm_campaign=GMB-3rd-Los_Angeles-CA,8124 W 3rd St Ste 201， Los Angeles， CA 90048
Fairmont Law Firm,(310) 744-1235,http://fairmontlaw.com/,10250 Constellation Blvd #2300， Los Angeles， CA 90067
Law Offices of Michael Yadegari & Associates,(310) 779-9327,http://www.lalawyer.org/,640 S San Vicente Blvd Ste 554， Los Angeles， CA 90048
Omega Law Group Accident & Injury Attorneys,(310) 878-4365,https://www.omegalaw.com/beverly-hills/personal-injury-lawyer/?utm_source=google&utm_medium=organic&utm_campaign=gbp-listing-beverly-hills,8800 Sunset Blvd， West Hollywood， CA 90069
Zand Law,(424) 444-8300,http://www.zand-law.com/,1575 Westwood Blvd #204-S， Los Angeles， CA 90024
American Lemon Law Group,(877) 565-5709,http://www.refundyourlemon.com/?utm_campaign=gmb,6300 Wilshire Blvd #810， Los Angeles， CA 90048
Hurwitz Law Group， Los Angeles Criminal Defense Attorney,(323) 300-2056,https://hurwitzlawgroup.com/?utm_source=GBP&utm_medium=organic&utm_campaign=Los_Angeles,6565 Sunset Blvd Unit 411， Los Angeles， CA 90028
Kingsmen Law,(310) 424-7939,https://kingsmenlaw.com/,505 N Brand Blvd Ste 815， Glendale， CA 91203
Cohen & Marzban - Los Angeles Personal Injury & Motorcycle Accident Law Firm,(800) 999-4878,https://losangelespersonalinjury.attorney/?utm_source=google&utm_medium=organic&utm_campaign=gbp_wilshire_blvd_la_ca_90025,12121 Wilshire Blvd Ste 103， Los Angeles， CA 90025
Carbon Law Group， APLC,(323) 543-4453,http://www.carbonlg.com/,700 Flower St Ste 1000， Los Angeles， CA 90017
Pacific Attorney Group - Accident Lawyers,(310) 907-8422,https://www.pacificattorneygroup.com/?utm_source=gmb&utm_medium=referral,856 S Robertson Blvd， Los Angeles， CA 90035
Law Offices of Calvin J. Park,(213) 380-3601,http://www.us-attorney.net/,2105 Beverly Blvd Ste 127， Los Angeles， CA 90057
California Workers' Compensation Lawyers， APC,(323) 522-1152,https://lacaccidentpros.org/,1055 Wilshire Blvd #1690， Los Angeles， CA 90017
SmartLaw Lawyer Referral Service,(213) 243-1525,http://www.smartlaw.org/,444 Flower St Ste 2500， Los Angeles， CA 90071
Family Law Attorney,(213) 917-6301,https://familylawattorney.us/,1224 Main St， Los Angeles， CA 90015
First Pacific Law,(888) 999-9125,http://fplpc.com/,10880 Wilshire Blvd Suite 1101， Los Angeles， CA 90024
