公司名,电话,网站,地址
First Chicago Plumbing,(847) 262-3786,http://firstchicagoplumbing.com/?utm_campaign=gmb,4245 N Elston Ave， Chicago， IL 60618
Rescue Plumbing,(773) 219-6071,https://www.myrescueplumbing.com/,1137 W Webster Ave， Chicago， IL 60614
Sinks-N-Sumps,(312) 500-0911,http://www.sinksnsumps.com/,
Zuniga's Plumbing Inc.,(773) 619-2730,https://zunigaplumbing.com/,7253 S Green St， Chicago， IL 60621
Rocket Plumbing,(773) 299-1600,https://rocketplumbingnow.com/?utm_source=google&utm_medium=organic&utm_campaign=gbp,5346 N Northwest Hwy， Chicago， IL 60630
Goode Plumbing,(773) 280-8496,https://goodeplumbing.com/?utm_source=google&utm_medium=organic&utm_campaign=GMBListing-Chicago-IL,4594 N Elston Ave， Chicago， IL 60630
All Star Plumbing & Sewer,(708) 692-5510,https://allstarplumbinginc.com/,4424 S Keating Ave， Chicago， IL 60632
Roto-Rooter Plumbing & Water Cleanup,(312) 379-2926,https://www.rotorooter.com/chicago/?utm_source=Google&utm_medium=organic&utm_campaign=gmb&utm_content=website,166 W Washington St， Chicago， IL 60602
All Rooter Hydro Jetting- Sewer & Drain Experts Inc.,(708) 669-3570,https://allrooter-plumbing.com/?utm_source=google&utm_medium=gmb&utm_campaign=seo,4900 S Tripp Ave， Chicago， IL 60632
United Sewer & Drains， Plumbing Services,(773) 250-4197,https://www.sewerunited.com/,3824 W 63rd St， Chicago， IL 60629
Captain Rooter Emergency Plumbers,(773) 823-0199,,1252 W Chicago Ave， Chicago， IL 60642
Apex Plumbing & Sewer Inc.,(773) 477-7714,https://www.apexplumbingchicago.com/,1452 W Irving Park Rd #1， Chicago， IL 60613
The Plumbing Department Inc.,(773) 617-3686,http://www.plumbingdept.com/,1511 N Artesian Ave， Chicago， IL 60622
Affordable Plumbing,(773) 370-2853,https://www.facebook.com/profile.php?id=61589606531918,
J Sewer & Drain Plumbing,(773) 968-2704,https://www.jsewerandplumbing.com/,3343 N Monticello Ave， Chicago， IL 60618
Chicago Plumbing Sewer and Drain Cleaning Experts,(708) 725-1832,https://www.chicagoplumbingexperts.com/?utm_source=google&utm_medium=organic&utm_campaign=gmb-listing,
Go-Rooter Emergency Plumbers,(773) 661-4800,https://go-rooterplumbing.com/?utm_source=google&utm_medium=gmb&utm_campaign=seo,
Avantel Plumber of Chicago IL,(312) 265-2745,https://chicagoplumber.avantel.net/,1000 W Harrison St， Chicago， IL 60607
Chicago Sewer Experts,(312) 391-6503,https://www.chicagosewerexperts.com/?utm_source=google&utm_medium=local&utm_campaign=1&utm_content=primary,4320 1st Ave Unit 108， Lyons， IL 60534
Vanguard Plumbing and Sewer， Inc.,(773) 741-0131,https://vanguardplumbingandsewer.com/?utm_campaign=gmb,4352 N Kenneth Ave， Chicago， IL 60641
