诊所名,电话,网站,地址
New York Dental Office,(212) 548-3261,https://www.newyorkdentaloffice.com/,245 E 63rd St #110， New York， NY 10065
209 NYC Dental,(212) 355-2290,https://www.209nycdental.com/?utm_source=google&utm_medium=organic&utm_campaign=gmb,209 E 56th St 1st floor， New York， NY 10022
New York University College of Dentistry,(212) 998-9800,http://dental.nyu.edu/,345 E 24th St， New York， NY 10010
My NYC Dentist - Hudson Street Dental,(212) 359-0064,https://www.mynyc-dentist.com/,90 Vandam St， New York， NY 10013
NYC Dentistry Center,(212) 518-6096,https://www.nycdentistrycenter.com/,6 E 45th St #801， New York， NY 10017
Sky Dental,(212) 600-1996,https://skydentalnyc.com/?utm_campaign=gmb,111 Broadway Suite 1304， New York， NY 10006
City Dental Group NYC,(212) 425-0505,https://citydentalnyc.com/?utm_source=gbp&utm_medium=organic&utm_campaign=gbp-listing,11 Broadway Lobby 4， New York， NY 10004
Pearl Dental NYC,(212) 344-9317,https://www.pearldentalnyc.com/,233 Broadway Ste 1801， New York， NY 10279
New York General Dentistry,(212) 838-0842,https://newyorkgeneraldentistry.com/?utm_source=GMBlisting&utm_medium=organic,133 E 58th St Ste 409， New York， NY 10022
Midtown Dental Group Upper East Side,(212) 588-1809,https://midtowndentalgroup.com/locations/uppereastside/,30 E 60th St Ste 2402， New York， NY 10022
My NYC Dentist - 34th Street Dental,(212) 564-8164,http://www.mynyc-dentist.com/,225 W 35th St #2， New York， NY 10001
NYC Dental of Upper East Side,(212) 348-5492,https://nycdent.com/,1317 3rd Ave 2nd Floor， New York， NY 10021
1800 Emergency Dentist New York 24 Hours,(209) 860-4646,https://www.emergencydentalservice.com/,6 E 46th St， New York， NY 10017
New York NY Dental,(917) 594-8818,https://newyorknydental.com/,16 W 32nd St Suite 507， New York， NY 10001
New York Family Dental Arts,(212) 628-3300,http://www.dentalartsny.com/,200 E 72nd St， New York， NY 10021
Manhattan Dental Spa: John Vargas DDS， Allison Gordon DMD， & Mitchell Charnas DMD,(212) 683-2530,https://manhattandentalspa.com/?utm_source=gmb&utm_medium=organic,200 Madison Ave Ste 2201， New York， NY 10016
SoHo Dental Group NYC,(212) 878-7646,https://sohodentalgroup.com/?utm_campaign=gmb&utm_medium=organic&utm_source=gmb,552 Broadway #505， New York， NY 10012
NYC Dental Arts Pllc -Jonathan Schwartz DDS， Bruce Haber DDS,(212) 697-0047,http://jonathanschwartzdds.com/,122 E 42nd St #2511， New York， NY 10168
Smile Dental Studio,(646) 883-2086,https://smiledentalstudio.nyc/,92 Chambers St， New York， NY 10007
New York DMD,(917) 284-9680,https://newyorkdmd.com/?utm_source=GMB&utm_medium=organic&utm_campaign=DevOptimization&utm_content=Website,115 E 61st St Ste 12A， New York， NY 10065
NYC Smile Spa,(646) 374-2242,https://www.nycsmilespa.com/,30 E 60th St Ste 1201， New York， NY 10022
ORAL Dental Studio NYC,(646) 663-7633,https://www.oraldentalstudio.com/,131 Essex St Fl 2， New York， NY 10002
Wall Street Dental Spa,(212) 514-5514,https://wallstdentalspanyc.com/,30 Wall St #720， New York， NY 10005
Maiden Lane Dental,(212) 509-4585,https://maidenlanedental.com/,80 Maiden Ln #702， New York， NY 10038
Tribeca Dental Studio,(212) 561-5303,https://tribecadentalstudio.com/,54 Warren St， New York， NY 10007
New York Dental Group,(212) 989-5253,http://newyorkdentalgrp.com/,24 5th Ave lobby #3， New York， NY 10011
172 NYC Dental,(646) 921-5541,https://172nycdental.com/?utm_source=google&utm_medium=organic&utm_campaign=gmb,172 Madison Ave Comm 1， New York， NY 10016
Midtown Dental Care Associates,(212) 685-4730,https://www.midtowndentalcareassociates.com/?utm_source=gmb&utm_medium=organic,12 E 41st St Ste 1100， New York， NY 10017
212 Dental Care,(888) 506-9583,http://212dentalcare.com/,286 Madison Ave 10th Floor， New York， NY 10017
Studio Smiles NYC,(646) 470-1376,http://www.studiosmilesnyc.com/,41 Park Ave #1C， New York， NY 10016
Park Smiles NYC Cosmetic Dentistry,(212) 988-6724,https://www.parksmilesnyc.com/our-locations/carnegie-hill-dentist/#gmb,1175 Park Ave #1d， New York， NY 10128
286 Madison Dental,(212) 682-2060,https://www.286madisondental.com/?utm_source=gmb_auth,286 Madison Ave #500， New York， NY 10017
PDA Dental,(212) 256-9583,https://pdadental.com/,150 Broadway Rm 1310， New York， NY 10038
Modern Dental of Manhattan,(212) 758-1000,https://www.manhattandentists.com/,425 Madison Ave Rm 500， New York， NY 10017
TriBeCa Dental Associates | Murray,(212) 671-3749,https://tribeca.dental/,21 Murray St 4th floor， New York， NY 10007
SmilesNY,(332) 248-2838,https://smilesny.com/,220 E 63rd St Lobby F， New York， NY 10065
Sachar Dental NYC,(212) 752-1163,https://www.sachardental.com/,20 E 46th St Rm 1301， New York， NY 10017
Midtown Dental Group NoMad,(212) 213-4029,https://midtowndentalgroup.com/,1158 Broadway 3rd floor， New York， NY 10001
Soho Smile,(212) 334-7330,https://www.sohosmile.com/,206 Spring St 5th Floor， New York， NY 10012
Lumia Dental PLLC,(212) 287-1275,https://www.lumiadental.com/,160 Broadway #1004， New York， NY 10038
InStyle Dental,(212) 695-2173,https://www.instyledentalcare.com/,450 7th Ave Ste 800， New York， NY 10123
The Exchange Dental Group,(646) 780-5410,https://www.theexchangedentalgroup.com/,39 Broadway Rm 2115， New York， NY 10006
Rockefeller Dental Group,(212) 246-9070,https://rockefellerdentalgroup.com/,630 5th Ave #1870， New York， NY 10111
Zendentistry - Midtown,(212) 537-3894,https://www.zendentistrynyc.com/,30 E 60th St #401， New York， NY 10022
Terra Dental,(212) 937-1079,https://www.terradental.nyc/,438 W 51st St Ste 3B， New York， NY 10019
Beautiful Smiles Dental Associates,(516) 715-5650,https://www.beautifulsmilesdentalassociates.com/,2 W 46th St Ste 1003 10th Floor， New York， NY 10036
New York Midtown Dental PC,(212) 278-8105,https://www.nymidtowndental.com/,1560 Broadway #601， New York， NY 10036
Smile Arts of NY,(212) 537-6923,http://www.smileartsofny.com/,30 E 40th St #105， New York， NY 10016
Manhattan Dental Studio,(212) 685-2476,http://www.manhattandentalstudio.com/,358 5th Ave #1005， New York， NY 10001
Village Dental NYC,(332) 230-4916,https://villagedentalnyc.com/,77 E 12th St， New York， NY 10003
Smile Cafe Dental Spa,(212) 779-7743,http://www.smilecafeny.com/,Smile Cafe Dental Spa， 45 Park Ave Professional Unit 1， New York， NY 10016
Downtown Dental Studio,(680) 205-5994,http://www.downtowndentalstudio.com/,160 Broadway #509， New York， NY 10038
Esthetix Dentist， NYC's Dental Implant & Cosmetic Specialist,(212) 795-9675,https://www.esthetixdentalspa.com/,285 Fort Washington Ave， New York， NY 10032
Smile Lab Dentistry Union Square,(332) 286-4318,https://smilelabny.com/?utm_campaign=gbp-listing,841 Broadway， New York， NY 10003
Dentist on Madison,(212) 227-4600,http://dentistonmadison.com/?utm_campaign=gmb,274 Madison Ave Rm 202， New York， NY 10016
Manhattan Dental Associates,(212) 944-2836,https://manhattan-dental.com/,2 W 45th St， New York， NY 10036
Tribeca Dental Care,(212) 431-4582,https://tribecanydentistoffice.com/?utm_source=google&utm_medium=organic&utm_campaign=gbp,402 Broadway， New York， NY 10013
Les Belles NYC Dentistry,(212) 804-8884,https://www.lesbellesnyc.com/,110 E 60th St #902， New York， NY 10022
Making You Smile Cosmetic Dentist Studio NYC: Dr. Ziad Jalbout DDS,(646) 846-4645,https://makingyousmile.nyc/?utm_source=GMB&utm_medium=WebsiteURL,36 E 36th St #1D， New York， NY 10016
Dentist Near Me,(646) 653-4758,https://dentistnearmemanhattan.com/,315 W 57th St #204， New York， NY 10019
FiDi Dental,(212) 742-2070,https://www.fididentalnyc.com/,125 Maiden Ln #17b， New York， NY 10038
Advanced Dental Arts NYC,(212) 388-1170,https://advanceddentalartsnyc.com/,55 E 9th St， New York， NY 10003
Manhattan Dentist,(212) 867-2730,https://www.manhattannydentist.com/,551 5th Ave rm 1114， New York， NY 10176
Midtown Dental Wellness,(212) 751-1333,https://nycdentalwellness.com/?utm_campaign=gmb,515 Madison Ave Ste 3303， New York， NY 10022
Lux Smiles NYC,(332) 244-4066,https://www.luxsmilesnyc.com/,7 Gramercy Park W Ste C1-B， New York， NY 10003
CANAL DENTAL GROUP,(212) 966-3649,https://www.canaldentalgroup.com/,196 Canal St floor 6， New York， NY 10013
Diamond District Dental NYC - Midtown Dentist,(212) 759-5595,https://www.dddentalnyc.com/?utm_campaign=gmb,10 W 46th St #1401， New York， NY 10036
Shu Ping Rong， DDS,(212) 226-6368,http://drrongdds.com/,101 Lafayette St 6th floor， New York， NY 10013
Centre Dental/John Shi DDS,(212) 925-7066,https://www.centredent.com/,139 Centre St Ste 306， New York， NY 10013
Smile Design Manhattan,(646) 278-4579,https://www.smiledesignmanhattan.com/,575 Madison Ave 23rd Floor， New York， NY 10022
Gramercy Dental NYC,(212) 614-2662,https://gramercydental.nyc/,8 Gramercy Pk S #1b， New York， NY 10003
Preferred Dental Care - Chelsea Dentist,(212) 594-7171,https://www.preferreddentalcare.com/locations/chelsea-ny-location,135 W 27th St， New York， NY 10001
Luxe Rx Dental and Wellness Studio NYC,(646) 767-3040,http://luxerxnyc.com/,483 10th Ave level 2， New York， NY 10018
Rozenberg Dental NYC,(212) 265-7724,https://rozenbergdentalnyc.com/,45 W 54th St， New York， NY 10019
Glow Dental of Midtown Manhattan: Dr. Alina Huang,(212) 697-8620,https://dentistinmidtownmanhattan.com/,358 5th Ave #406， New York， NY 10001
Dentique NYC,,https://www.dentiquenyc.com/,274 Madison Ave #1702， New York， NY 10016
Bae Dental,(212) 257-1234,http://www.baedental.com/,123 Chambers St Store Front， New York， NY 10007
Aesthetic Dentistry of Manhattan,(917) 675-7468,https://aestheticdentistryofmanhattan.com/,133 E 58th St #1201， New York， NY 10022
Dr. Nai Yan Lam,(212) 766-2128,https://weence.com/dentists/new-york-1/nai-yan-lam-inc/,198 Canal St Ste 402， New York， NY 10013
Dr. Alex Rubinov - NYC Cosmetic Dentist,(212) 256-9546,https://dralex.nyc/,1 Rockefeller Plaza #2229， New York， NY 10020
My NYC Dentist - 23rd Street Dental,(212) 206-7215,https://www.mynyc-dentist.com/,49 W 23rd St 12th Floor， New York， NY 10010
Zen Dentistry - FiDi,(646) 604-5700,http://www.zendentistrynyc.com/,217 Broadway #612， New York， NY 10007
Sound Dental NYC,(917) 261-6464,http://sounddentalnyc.com/,42 Lafayette St， New York， NY 10013
World Trade Center Dental Group， Homam Saleh ，DDS,(212) 968-0631,http://wtcdentalgroup.com/,42 Broadway #1536， New York， NY 10004
Soho Dental Loft - Lee Gold DDS， PC,(646) 870-5652,http://sohodentalloft.com/?utm_campaign=gmb,589 Broadway 2nd floor， New York， NY 10012
Expert Dental - Midtown,(212) 763-3383,https://www.expertdentalnyc.com/,110 E 40th St #104， New York， NY 10016
NYC Dental Associates,(212) 226-1899,http://www.nycdent.com/,155 Spring St Fl 4， New York， NY 10012
NYC Dental Implants Center,(212) 256-0000,https://www.nycdentalimplantscenter.com/,121 E 60th St Ste 6C2， New York， NY 10065
Concierge Dental Design,(212) 370-0101,http://nycdental.com/locations/concierge-dental-design,26 Broadway #1303， New York， NY 10004
Tend Dental Wall Street,(917) 336-3125,https://www.hellotend.com/site/studios/wall-street?utm_source=gmb&utm_medium=organic&utm_campaign=wallst+2002&utm_content=web,63 Wall St， New York， NY 10005
AL Dental Studio,(212) 430-3888,http://aldentalstudio.com/,30 E 60th St #608， New York， NY 10022
Perfect Dental Care,(212) 239-7027,http://www.perfectdentalny.com/,101 E 4th St， New York， NY 10003
My NYC Dentist - 42nd Street Dental,(212) 867-8862,http://www.mynyc-dentist.com/,286 Madison Ave 7th floor， New York， NY 10017
Emergency Dentist NYC,(646) 336-8478,http://www.emergencydentistnyc.com/,100 E 12th St， New York， NY 10003
Tribeca Advanced Dentistry by Dr. Olga Malkin,(212) 355-4510,http://tribecaadvanceddentistry.com/,23 Warren St Apt 10， New York， NY 10007
New Dimension Dentistry,(212) 750-4590,https://www.newdimensiondentistry.com/,133 E 58th St #506， New York， NY 10022
Innovative Dental,(212) 269-2949,https://www.innovativedentalnyc.com/?y_source=1_OTU2NzQyOS03MTUtbG9jYXRpb24ud2Vic2l0ZQ==,27 Whitehall St 6th Floor， New York， NY 10004
Martin Man DMD， Astha Patel DDS,(212) 962-1305,http://twobridgesdentist.com/,Chetham Green， 185 Park Row #6， New York， NY 10038
NYC Dental Center,(646) 861-3070,https://weence.com/dentists/new-york-1/nyc-dental-center/,216 E 39th St #1， New York， NY 10016
Madison Dentistry,(212) 753-7400,http://madisondentistrynyc.com/,424 Madison Ave 15th floor， New York， NY 10017
